fecha,local_id,fk_region,fk_comuna,fk_localidad,local_nombre,comuna_nombre,localidad_nombre,local_direccion,funcionamiento_hora_apertura,funcionamiento_hora_cierre,local_telefono,local_lat,local_lng,funcionamiento_dia
2020-07-01,2,6,56,12,CRUZ VERDE,LA CALERA,LA CALERA,J.J. PEREZ 202,09:00:00,08:59:00,+56332724714,-32.788066282624,-71.1897310126255,miercoles
2020-07-01,10,6,69,32,AHUMADA,QUILLOTA,QUILLOTA,O`HIGGINS 114-116,09:00:00,08:59:00,+563326313154,-32.8785857529787,-71.2467680389193,miercoles
2020-07-01,25,6,57,13,LA CRUZ,LA CRUZ,LA CRUZ,21 DE MAYO N° 5481,09:00:00,21:00:00,+56332254902,-32.8252324978247,-71.2268391982971,miercoles
2020-07-01,27,6,59,17,CRUZ VERDE,LIMACHE,LIMACHE,URMENETA 96,09:00:00,08:59:00,+56332414551,-32.9853313679932,-71.2759083062112,miercoles
2020-07-01,40,6,62,435,EL MELON,NOGALES,EL MELON,ISABEL BROWN N° 123,12:00:00,21:00:00,+5633034 - 2591629,-32.6892394828406,-71.2148068285658,miercoles
2020-07-01,46,6,70,33,CRUZ VERDE,QUILPUE,QUILPUE,LOS CARRERA N° 721 L- 9,09:00:00,08:59:00,+56322913124,-33.0480884691307,-71.4429118882056,miercoles
2020-07-01,59,6,70,54,AHUMADA,QUILPUE,LOS PINOS,LAS BARRANCAS 2491 L 3C Y  4D,08:30:00,19:00:00,+5632232740640,-33.0661975068523,-71.4228941507292,miercoles
2020-07-01,64,6,71,34,CRUZ VERDE,QUINTERO,QUINTERO,AV.NORMANDIE  N° 2017,09:00:00,08:59:00,+56322932008,-32.7864956335481,-71.5272593704619,miercoles
2020-07-01,84,6,80,28,AHUMADA,VIÑA DEL MAR,PLAN DE VIÑA,AV. VALPARAISO 720,09:00:00,23:00:00,+56020226313226,-33.0250661872842,-71.5524172340872,miercoles
2020-07-01,100,6,80,35,CRUZ VERDE,VIÑA DEL MAR,RECREO,J.M.CARRERA  N° 201,09:00:00,21:00:00,+56322620782,-33.0275549545313,-71.5734684105632,miercoles
2020-07-01,126,6,80,36,SALCOBRAND,VIÑA DEL MAR,REÑACA,AVDA.BORGOÑO N° 14410,09:00:00,21:00:00,+56322833912,-32.9726899757208,-71.5439340847724,miercoles
2020-07-01,194,6,45,3,ALGARROBO,ALGARROBO,ALGARROBO,AV.CARLOS ALESSANDRI 1990,09:00:00,01:00:00,+56352483718,-33.3615479912175,-71.666660174247,miercoles
2020-07-01,203,6,52,50,SAN ENRIQUE,EL TABO,El TABO,SAN MARCOS Nº793 LOCAL 01,09:00:00,21:00:00,+56352469037,-33.4552541449701,-71.6673220648659,miercoles
2020-07-01,207,6,48,5,CRUZ VERDE,CARTAGENA,CARTAGENA,AV. CARTAGENA N°313,09:00:00,01:00:00,+56352451143,-33.5465928963621,-71.6025624301641,miercoles
2020-07-01,220,6,73,19,SAN ENRIQUE,SAN ANTONIO,SAN ANTONIO,AV. CENTENARIO  N° 67,09:00:00,08:59:00,+56352216791,-33.5808947818732,-71.612144987547,miercoles
2020-07-01,247,6,46,4,NUEVA CABILDO,CABILDO,CABILDO,AV. HUMERES N°571,09:00:00,23:00:00,+56332762981,-32.4268688598886,-71.0676773886762,miercoles
2020-07-01,249,6,49,7,FARMAVIDA,CATEMU,CATEMU,BORJA GARCIA HUIDOBRO N° 051,09:00:00,21:00:00,+56342631035,-32.7780107476414,-70.9623902381342,miercoles
2020-07-01,263,6,61,20,SALCOBRAND,LOS ANDES,LOS ANDES,MAIPU N°332,09:00:00,08:59:00,+56322403281,-32.8337956784048,-70.5974251050625,miercoles
2020-07-01,272,6,65,25,SAN JOSE PAPUDO,PAPUDO,PAPUDO,CHORRILLOS N°93,09:00:00,21:00:00,+5633+56999987723,-32.5072043868488,-71.4471110053879,miercoles
2020-07-01,274,6,68,31,NUEVA ANTONIO,PUTAENDO,PUTAENDO,A. CAMUS  90,09:00:00,21:00:00,+56342501989,-32.6258032740768,-70.7168742510353,miercoles
2020-07-01,282,6,75,37,SALCOBRAND,SAN FELIPE,SAN FELIPE,COIMAS N° 210,09:00:00,08:59:00,+56518407,-32.7507965157179,-70.7243062824228,miercoles
2020-07-01,287,6,76,38,FARMAVIDA,SANTA MARIA,SANTA MARIA,TRES CARRERA S/N ESQUINA O'HIGGINS,09:00:00,21:00:00,+5634+56996490798,-32.7485710741327,-70.6566197761406,miercoles
2020-07-01,289,6,81,42,CRUZ VERDE,ZAPALLAR,ZAPALLAR,MOISES CHACON N° 140,09:00:00,20:00:00,+56332741991,-32.5543541382821,-71.455588123027,miercoles
2020-07-01,290,6,81,15,FARMARKET,ZAPALLAR,LAGUNA DE ZAPALLAR,AV. CARLOS LEON BRICEÑO N° 498,10:30:00,20:30:00,+5667967275116,-32.6297105669351,-71.4227773600892,miercoles
2020-07-01,292,6,60,18,ECOFARMACIAS,LLAY LLAY,LLAY - LLAY,BALMACEDA N° 57,09:00:00,23:00:00,+56342613878,-32.8421726585979,-70.9528724030119,miercoles
2020-07-01,296,6,55,52,SALCOBRAND,JUAN FERNANDEZ,JUAN FERNANDEZ,"MANZANA 16, SITIO 7",09:00:00,17:00:00,+5671224223300 anexo 5499,"-33,635261","-78,831572",miercoles
2020-07-01,302,6,80,10,CRUZ VERDE,VIÑA DEL MAR,GOMEZ CARREÑO - REÑACA ALTO,AV. ALESSANDRI 4085 LOCAL 1120,09:00:00,21:00:00,+56322230180,-32.9975089111507,-71.5129951580062,miercoles
2020-07-01,305,6,67,30,CRUZ VERDE,PUCHUNCAVI,PUCHUNCAVI,CARRETERA F 30 - E   KM 45 LOC 1 MAITENCILLO,09:00:00,23:00:00,+56342771581,-32.6460432480962,-71.4250085014157,miercoles
2020-07-01,306,6,80,22,SAN JAVIER,VIÑA DEL MAR,MIRAFLORES ALTO,EL MEMBRILLO 3150 LOCAL 8,09:00:00,20:15:00,+56322646625,-33.0207553549397,-71.5156242808765,miercoles
2020-07-01,334,6,50,8,MONTEMAR,CONCON,CONCON,BORGOÑO 25180,09:00:00,08:59:00,+56322813051,-32.9202235851259,-71.5099412409831,miercoles
2020-07-01,498,6,344,49,CRUZ VERDE ,CASABLANCA,CASABLANCA,AV. DIEGO PORTALES 551 LOCAL 9,09:00:00,23:00:00,+5632226944000 anexo 50944,-33.3226632078393,-71.4052897062759,miercoles
2020-07-01,535,6,69,405,CRUZ VERDE,QUILLOTA,EL SENDERO,"AV. VALPARAISO 2150, LOCAL 10",08:30:00,18:30:00,+560222301893,-32.8966207488174,-71.2657687797009,miercoles
2020-07-01,777,7,85,104,LA FE,CERRILLOS,CERRILLOS,PASAJE LAS TINAJAS 7596. L-5,09:00:00,21:00:00,+560225578475,-33.504598,-70.71962,miercoles
2020-07-01,787,7,86,105,SANTO THOMAS,CERRO NAVIA,CERRO NAVIA,"AV. JOSE JOAQUIN PEREZ 7441, LOCAL B",08:00:00,07:59:00,+560226499885,-33.429812,-70.740262,miercoles
2020-07-01,830,7,89,108,ESMERALDA ,CURACAVI,CURACAVI,AV. AMBROSIO O'HIGGINS   1793,09:00:00,21:00:00,+560228353335,-33.403179,-71.131006,miercoles
2020-07-01,923,7,95,114,FARMAMARKET,ISLA DE MAIPO,ISLA DE MAIPO,GALVEZ 06,09:00:00,21:00:00,+560228190180,-33.756367,-70.896568,miercoles
2020-07-01,1026,7,98,117,ESPOZ,LA GRANJA,LA GRANJA,AV. SANTA ROSA 8850 - A,09:00:00,21:00:00,+560225416792,-33.541513,-70.634116,miercoles
2020-07-01,1032,7,99,118,SANTA ROSA SUR,LA PINTANA,LA PINTANA,PORTO  ALEGRE 12604,09:00:00,21:00:00,+5602225365083,-33.579892,-70.638617,miercoles
2020-07-01,1065,7,101,120,SALCOBRAND ,LAMPA,LAMPA,"AV. LA MONTAÑA 2528   L- 9,10,11,12",09:00:00,21:00:00,+560224227100,-33.324002,-70.745991,miercoles
2020-07-01,1170,7,103,122,SALCOBRAND,LO BARNECHEA,LO BARNECHEA,AV. EL RODEO 13442,08:00:00,07:59:00,+560224227100,-33.351484,-70.510665,miercoles
2020-07-01,1530,7,118,137,TIERRA DEL FUEGO ,PUDAHUEL,PUDAHUEL,LA ESTRELLA 1361 - D,08:00:00,07:59:00,+560226444900,-33.43214,-70.750476,miercoles
2020-07-01,1577,7,119,378,DEL DR. SIMI ,PUENTE ALTO,PUENTE ALTO SUR,AV. CONCHA Y TORO 15,08:00:00,07:59:00,+560223610293,-33.612363,-70.575343,miercoles
2020-07-01,1617,7,120,139,FARMAX ,QUILICURA,QUILICURA,JOSE FRANCISCO VERGARA   190,08:00:00,07:59:00,+560226079093,-33.367148,-70.734184,miercoles
2020-07-01,1715,7,124,143,FARMAVECINA  ,SAN BERNARDO,SAN BERNARDO,SANTA MARTA 518 A,08:00:00,07:59:00,+560228581473,-33.587015,-70.687668,miercoles
2020-07-01,2273,10,200,219,FUTURO,ARAUCO,ARAUCO,ESMERALDA Nº 515-B,08:00:00,23:59:00,+56412552942,-37.247087,-73.31829299999998,miercoles
2020-07-01,2275,16,201,220,ITALIA,BULNES,BULNES,CARLOS PALACIOS N°394,08:00:00,23:59:00,+56422631272,-36.7433007289,-72.2979746995,miercoles
2020-07-01,2278,10,203,222,CRUZ VERDE,CAÑETE,CAÑETE LOCALIDAD 1,COVADONGA Nº 267,08:00:00,23:59:00,+56412853670,-37.8016826795,-73.3995544978,miercoles
2020-07-01,2289,10,204,223,REDFARMA,CHIGUAYANTE,CHIGUAYANTE LOCALIDAD 1,M. RODRIGUEZ 1500,09:00:00,08:59:00,+56412337360,-36.9342815083,-73.0217847047,miercoles
2020-07-01,2302,16,205,224,CRUZ VERDE,CHILLAN,CHILLAN - LOCALIDAD 1,CINCO DE ABRIL N° 701,09:00:00,08:59:00,+56422228423,-36.6091666666667,-72.1017027777778,miercoles
2020-07-01,2324,16,208,227,VIDASUR,COELEMU,COELEMU,EXEQUIEL LARENAS Nº 419,08:00:00,23:59:00,+56422510167,-36.4905815299,-72.7028953943,miercoles
2020-07-01,2354,10,210,375,DR. SIMI,CONCEPCION,CONCEPCION CENTRO,COLO COLO 378,08:00:00,23:59:00,+56412462234,-36.82700190000001,-73.0478114,miercoles
2020-07-01,2392,10,212,231,SALCOBRAND,CORONEL,CORONEL CENTRO,MANUEL MONTT 401,09:00:00,08:59:00,+56412772337,-37.026737078,-73.1474145197,miercoles
2020-07-01,2394,10,213,232,CRUZ VERDE,CURANILAHUE,CURANILAHUE LOCALIDAD 1,LOS LEONES 770,08:00:00,23:59:00,+56412692649,-37.4761291146,-73.3451070197,miercoles
2020-07-01,2409,10,218,237,DR. SIMI,LEBU,LEBU LOCALIDAD 1,RIOSECO Nº 267,08:00:00,23:59:00,+56412511498,-37.6082312686,-73.652900214,miercoles
2020-07-01,2422,10,227,246,PENCO,PENCO,PENCO,MAIPÚ 301,09:00:00,08:59:00,+56412451235,-36.7391001409,-72.9926389162,miercoles
2020-07-01,2426,16,232,251,FARMAX,QUILLON,QUILLON,AVDA. CAYUMANQUI N°407,08:00:00,23:59:00,+56422581052,-36.7428280388855,-72.4740164764267,miercoles
2020-07-01,2430,16,233,252,QUIRIHUE,QUIRIHUE,QUIRIHUE,"AVDA. ARTURO PRAT Nº 510, LOCAL 1-A",08:00:00,23:59:00,+56422530514,-36.2826603237,-72.5444480725,miercoles
2020-07-01,2435,16,235,254,SALCOBRAND,SAN CARLOS,SAN CARLOS - LOCALIDAD 1,IGNACIO SERRANO N°593,09:00:00,08:59:00,+56422411476,-36.4255916666667,-71.9574527777778,miercoles
2020-07-01,2471,10,244,263,SALCOBRAND,TALCAHUANO,TALCAHUANO-HUALPEN CENTRO,AUTOPISTA 7001,09:00:00,08:59:00,+56412421719,-36.7788688369,-73.0773292867,miercoles
2020-07-01,2480,10,246,265,SALCOBRAND,TOME,TOME,MANUEL MONTT 1077,09:00:00,08:59:00,+56412655875,-36.6187894072,-72.9565394147,miercoles
2020-07-01,2482,16,250,269,FARMITALIA,YUNGAY,YUNGAY,HUAMACHUCO N°216 - B,08:00:00,23:59:00,+562266311,-37.1203816986,-72.0164869339,miercoles
2020-07-01,2501,10,220,239,DR. SIMI,LOS ANGELES,LOS ANGELES - LOCALIDAD 1,COLÓN 358-A,09:00:00,08:59:00,+5643311780,-37.469398,-72.350869,miercoles
2020-07-01,2502,10,202,221,TREBOL,CABRERO,CABRERO,RIO CLARO 160,08:00:00,23:59:00,+56432411297,-37.0344855724147,-72.4013355725215,miercoles
2020-07-01,2507,10,249,268,FARMAX,YUMBEL,YUMBEL - LOCALIDAD 1,O'HIGGINS 620,08:00:00,23:59:00,+56432533093,-37.1005351514803,-72.5614286512352,miercoles
2020-07-01,2509,10,217,236,CRUZ VERDE,LAJA,LAJA,BALMACEDA 215,08:00:00,23:59:00,+56432461396,-37.2808995741786,-72.7145072012491,miercoles
2020-07-01,2516,10,222,241,CORDILLERA,MULCHEN,MULCHEN - LOCALIDAD 1,PEDRO LAGOS 549,08:00:00,23:59:00,+56432562388,-37.71991275593828,-72.24307118357547,miercoles
2020-07-01,2521,10,223,242,COMUNITARIA CENTRAL,NACIMIENTO,NACIMIENTO,SAN MARTIN 423,08:00:00,23:59:00,+56432519918,-37.5013617584081,-72.6710203395715,miercoles
2020-07-01,2545,6,78,404,CRUZ VERDE,VALPARAISO,PARQUE LOS INGLESES,AV. JORGE KENRICK Nº35 LOCAL 3 Y 4,09:00:00,18:30:00,+56323521337,-33.0589849642605,-71.5870608579352,miercoles
2020-07-01,2546,6,78,2,DR. SIMI ,VALPARAISO,PLAN VALPARAISO,AV ARGENTINA 251-257 ESQUINA QUILLOTA 6,09:00:00,23:00:00,+56322594133,-33.0450941103927,-71.6046401325736,miercoles
2020-07-01,2547,10,248,267,FARMARKET,TUCAPEL,HUEPIL,"12 DE FEBRERO Nº 80, HUEPIL",08:00:00,23:59:00,+56,-37.242199,-71.942508,miercoles
2020-07-01,3106,13,311,384,FARMACIAS CRUZ VERDE ,PUERTO MONTT,SECTOR CENTRO,ANTONIO VARAS N° 555,09:00:00,08:59:00,+56652344765,-41.472597,-72.9424348,miercoles
2020-07-01,3124,4,22,78,FARMACIA LA BOTIKA,CALDERA,CALDERA,COUSIÑO  N° 325,09:00:00,08:59:00,+5652,-27.0676726,-70.82156559999999,miercoles
2020-07-01,3147,4,24,80,FARMACIA AHUMADA,COPIAPO,COPIAPO,AVENIDA COPAYAPU N° 2296,09:00:00,08:59:00,+56522221122,-27.3834759,-70.3152579,miercoles
2020-07-01,3149,4,28,84,FARMACIA FARMATERRA,TIERRA AMARILLA,TIERRA AMARILLA,MIGUEL LEMEUR   N° 418,09:00:00,22:00:00,+56522329554,-27.467171,-70.26522,miercoles
2020-07-01,3155,4,25,81,FARMACIA SAN MARTIN,DIEGO DE ALMAGRO,DIEGO DE ALMAGRO,JUAN MARTINEZ  N°1107,10:00:00,22:00:00,+56522449032,-26.3913476,-70.04514719999997,miercoles
2020-07-01,3158,4,29,85,FARMACIA DEL DR. SIMI,VALLENAR,VALLENAR,ARTURO PRAT N° 850,09:00:00,08:59:00,+56512547431,-28.5757166,-70.76062969999998,miercoles
2020-07-01,3159,4,23,79,FARMACIA PAEZ,CHAÑARAL,CHAÑARAL,RAUL BARRIONUEVO  N° 156,09:00:00,08:59:00,+56522481455,-26.33559270469468,-70.61389949814759,miercoles
2020-07-01,3162,12,285,304,RUDOLPH,LAGO RANCO,LAGO RANCO,CONCEPCIÓN Nº 620,09:00:00,18:30:00,+56632491352,-40.322555555556,-72.47255555556,miercoles
2020-07-01,3169,12,286,305,LANCO,LANCO,LANCO,LIBERTAD Nº 223,09:00:00,08:59:00,+56632441313,-39.45211111111111,-72.77491666667,miercoles
2020-07-01,3173,12,292,311,PLAZA,PAILLACO,PAILLACO,O´HIGGINS Nº 367,09:00:00,08:59:00,+56632422244,-40.0711944,-72.8724722,miercoles
2020-07-01,3175,12,293,312,CRUZ VERDE,RIO BUENO,RIO BUENO,COMERCIO Nº 585,09:00:00,08:59:00,+56632340379,-40.333972,-72.95611,miercoles
2020-07-01,3180,4,25,389,FARMACIA SAN MIGUEL,DIEGO DE ALMAGRO,EL SALVADOR,AVENIDA 4 DE JULIO  N° 706,09:30:00,21:30:00,+56522475425,-26.245923,-69.626426,miercoles
2020-07-01,3181,12,291,310,SALCOBRAND,PANGUIPULLI,PANGUIPULLI,MARTINEZ DE ROSAS Nº 720,09:00:00,08:59:00,+5663,-39.6425833333333,-72.331805555556,miercoles
2020-07-01,3193,12,284,303,AHUMADA,LA UNION,LA UNION,ESMERALDA Nº 723,09:00:00,08:59:00,+56632426857,-40.2944444,-73.081055555,miercoles
2020-07-01,3242,13,318,337,FARMACIA CHILHUE,QUELLON,QUELLON,JUAN LADRILLERO #202,09:00:00,08:59:00,+5665(65) 2681712,-43.1164894,-73.6302719,miercoles
2020-07-01,3243,13,320,339,FARMACIA REDFARMA 104,QUINCHAO,QUINCHAO,"ARTURO PRAT 46, ACHAO",09:00:00,08:59:00,+56652661101,-42.472032,-73.48977200000002,miercoles
2020-07-01,3244,13,301,320,FARMACIA USYDAL,DALCAHUE,DALCAHUE,RAMÓN FREIRE 506,09:00:00,08:59:00,+56652641727,-42.3788566,-73.6499556,miercoles
2020-07-01,3246,13,298,317,FARMACIA AUSTRAL,CHONCHI,CHONCHI,SARGENTO CANDELARIA 286,09:00:00,08:59:00,+56652671501,-42.6229172,-73.7785645,miercoles
2020-07-01,3255,13,294,313,FARMACIA CRUZ VERDE ,ANCUD,ANCUD,PUDETO Nº254,09:00:00,08:59:00,+56652622283,-41.8687706,-73.8270569,miercoles
2020-07-01,3268,13,296,315,FARMACIA DR. SIMI ,CASTRO,CASTRO,ELEUTERIO RAMIREZ 247,09:00:00,08:59:00,+56652631191,-42.4793025,-73.7635803,miercoles
2020-07-01,3269,14,325,344,FARMAUSTRAL,CHILE CHICO,CHILE CHICO,"BERNARDO O""HIGGINS Nº 505 B",09:00:00,20:00:00,+56672411461,-46.540901,-71.72228000000001,miercoles
2020-07-01,3286,3,20,76,FARMACIA VICTORIA,TOCOPILLA,TOCOPILLA,21 DE MAYO Nº 1513-1529,08:00:00,07:59:00,+56552813238,-22.087498,-70.19320599999997,miercoles
2020-07-01,3294,3,15,71,FARMACIA FIGUESAN,MEJILLONES,MEJILLONES,ALMIRANTE LATORRE N° 637,09:00:00,08:59:00,+56552622038,-23.10000589138066,-70.44820569455624,miercoles
2020-07-01,3302,13,313,385,FARMACIAS CRUZ VERDE ,PUERTO VARAS,SECTOR PERIFERIA,CENTRO COMERCIAL DOÑA EMA  LOCAL 30 KM 1.5 RUTA 225  CAMINO ENSENADA,09:00:00,21:00:00,+560226944000,-41.32262097249414,-72.94986248016357,miercoles
2020-07-01,3311,5,44,100,RIVERA 1,VICUÑA,VICUÑA,SAN MARTIN 219,09:00:00,08:59:00,+56512411286,-30.03427898588236,-70.71350613143187,miercoles
2020-07-01,3315,5,43,99,CHOAPA,SALAMANCA,SALAMANCA,MANUEL BULNES 498 LOCAL 4,09:00:00,08:59:00,+56532551067,-31.781396353687686,-70.96444150097341,miercoles
2020-07-01,3322,13,307,326,FARMACIA GALENO,LOS MUERMOS,LOS MUERMOS,ANTONIO VARAS 402 LOS MUERMOS,09:00:00,08:59:00,+56652211473,-41.39538690384782,-73.4652328491211,miercoles
2020-07-01,3351,13,306,325,FARMACIA CRUZ VERDE ,LLANQUIHUE,LLANQUIHUE,BAQUEDANO Nº 506  LLANQUIHUE,09:00:00,08:59:00,+56652242666,-41.2546828,-73.0061713,miercoles
2020-07-01,3352,13,309,387,FARMACIA LYNCH,OSORNO,SECTOR LYNCH,PATRICIO LYNCH 1733,09:00:00,21:00:00,+5664,-40.57472566277108,-73.12008619308472,miercoles
2020-07-01,3356,2,11,67,JERUSALEN,POZO ALMONTE,POZO ALMONTE,"COMERCIO 307, POZO ALMONTE, TARAPACA, CHILE",09:00:00,22:00:00,+56572751030,-20.259118909311535,-69.78562562698357,miercoles
2020-07-01,3357,13,308,327,FARMACIA LAHUEN ,MAULLIN,MAULLIN,ALMEIDA 11 MAULLIN,10:00:00,18:00:00,+56652451467,-41.61611208163405,-73.596331179142,miercoles
2020-07-01,3358,13,305,324,FARMACIA AUSTRAL,HUALAIHUE,HUALAIHUE,O'HIGGINS ESQ. PEDRO MALDONADO S/Nº HORNOPIREN COMUNA DE HUALAIHUE,09:00:00,20:00:00,+56652217411,-41.965623,-72.47050000000002,miercoles
2020-07-01,3359,2,5,61,LAS AMERICAS,ALTO HOSPICIO,ALTO HOSPICIO,AVENIDA LAS AMERICAS MANZANA 19 SITIO 1 LA PAMPA,08:00:00,23:59:00,+56572493467,-20.287895744,-70.1035130039,miercoles
2020-07-01,3360,2,9,65,NACIONAL,IQUIQUE,IQUIQUE,VIVAR 855 LOCAL 4A,09:00:00,08:59:00,+56572429482,-20.2155090546,-70.14867067337,miercoles
2020-07-01,3370,14,324,343,FARMACIAS AHUMADA,AYSEN,AYSEN,SARGENTO ALDEA N° 1089. PUERTO AYSEN,09:00:00,08:59:00,+56672334150,-45.403506,-72.69255,miercoles
2020-07-01,3379,2,10,66,JERUSALEM,PICA,PICA,BALMACEDA 272,09:30:00,21:00:00,+56572742086,-20.4906225,-69.32795763,miercoles
2020-07-01,3380,13,309,386,FARMACIA REPUBLICA,OSORNO,SECTOR RAHUE,REAL 1293,09:00:00,21:00:00,+56642249523,-40.58185581225633,-73.1623363494873,miercoles
2020-07-01,3383,13,303,322, FARMACIA FRUTILLAR,FRUTILLAR,FRUTILLAR,CARLOS RICHTER 162 FRUTILLAR,09:00:00,08:59:00,+56652421334,-41.126514081028006,-73.05891841650009,miercoles
2020-07-01,3390,13,302,321,FARMACIA CONDELL,FRESIA,FRESIA,"SAN CARLOS Nº 424, FRESIA",09:00:00,19:00:00,+56652441391,-41.1521358094997,-73.41915518045425,miercoles
2020-07-01,3428,15,339,358,DR. SIMI,PUNTA ARENAS,PUNTA ARENAS,BORIES 781,09:00:00,08:59:00,+56612242002,-53.15940642734843,-70.90567588806152,miercoles
2020-07-01,3431,13,309,328,FARMACIAS DEL DR. SIMI,OSORNO,SECTOR CENTRO,ELEUTERIO RAMIREZ Nº 690,09:00:00,08:59:00,+5664,-40.5729657,-73.13864419999999,miercoles
2020-07-01,3435,15,338,357,PUERTO NATALES,PUERTO NATALES,PUERTO NATALES,ESMERALDA 701,08:00:00,23:59:00,+56612411306,-51.7333333,-72.51666669999997,miercoles
2020-07-01,3438,13,315,334,FARMACIA DEL DR SIMI,PURRANQUE,PURRANQUE,ELEUTERIO RAMIREZ 370,09:00:00,08:59:00,+56642350770,-40.912681524371294,-73.16045880317688,miercoles
2020-07-01,3451,3,13,69,SALCOBRAND,CALAMA,CALAMA,LATORRE Nº 1987,08:00:00,07:59:00,+56552310275,-22.4608151,-68.92582849999997,miercoles
2020-07-01,3459,14,328,347,FARMACIAS DR SIMI,COYHAIQUE,COYHAIQUE,ARTURO PRAT Nº 615. COYHAIQUE,09:00:00,08:59:00,+56672255675,-45.5751624,-72.0725319,miercoles
2020-07-01,3529,11,271,290,FARMACIA RELMU,PUCON,PUCON,FRESIA Nº 374,09:00:00,08:59:00,+56452441204,-39.27635896927049,-71.9762637556114,miercoles
2020-07-01,3535,11,279,298,FARMACIA CRUZ VERDE,VICTORIA,VICTORIA,GRAL. LAGOS Nº 522,09:00:00,08:59:00,+56452844046,-38.23462051780492,-72.33316346788939,miercoles
2020-07-01,3542,11,278,297,FARMACIA SALCOBRAND,TRAIGUEN,TRAIGUEN,SANTA CRUZ Nº 813,09:00:00,08:59:00,+56452869095,-38.24953238121404,-72.66860685901645,miercoles
2020-07-01,3544,11,255,274,FARMACIA CRISTAL,CURACAUTIN,CURACAUTIN,OHIGGINS Nº 405,09:00:00,08:59:00,+56452881279,-38.437386599388965,-71.89296468059547,miercoles
2020-07-01,3546,11,267,286,FARMACHILE ,NUEVA IMPERIAL,NUEVA IMPERIAL,SOTOMAYOR Nº 398,09:00:00,08:59:00,+56452611305,-38.74597799884702,-72.95115697224429,miercoles
2020-07-01,3549,11,252,271,FARMACHILE ,CARAHUE,CARAHUE,LAUTARO Nº 298,09:00:00,08:59:00,+56452652091,-38.712308210701124,-73.16674910779568,miercoles
2020-07-01,3559,11,281,300,SALCOBRAND ,VILLARRICA,VILLARRICA,CAMILO HENRIQUEZ Nº547,09:00:00,08:59:00,+56452413792,-39.28223432107431,-72.22771951640124,miercoles
2020-07-01,3565,11,261,280,DR. SIMI,LAUTARO,LAUTARO,OHIGGINS Nº 707,09:00:00,08:59:00,+56452533246,-38.53093159891467,-72.43402816122438,miercoles
2020-07-01,3572,11,253,272,FARMACIA VITASUR IV,COLLIPULLI,COLLIPULLI,OCARROL Nº 1002,09:00:00,08:59:00,+56452464586,-37.95675900890746,-72.43659828905493,miercoles
2020-07-01,3619,5,37,93,NUEVA ESTRELLA,LOS VILOS,LOS VILOS,CAUPOLICÁN 789,09:00:00,08:59:00,+56532541085,-31.9113128,-71.50298140000001,miercoles
2020-07-01,3632,5,39,95,CRUZ VERDE,OVALLE,OVALLE,VICUÑA MACKENNA 184,09:00:00,08:59:00,+56,-30.6052776,-71.20723759999998,miercoles
2020-07-01,3685,8,165,184,FARMACIA SALCOBRAND,SAN FERNANDO,SAN FERNANDO,MANUEL RODRIGUEZ N° 901,09:00:00,08:59:00,+56722715665,-34.587913014932326,-70.98522291334655,miercoles
2020-07-01,3686,3,12,68,SALCOBRAND,ANTOFAGASTA,ANTOFAGASTA CENTRO,A. PRAT Nº 553-555,08:00:00,07:59:00,+56552224418,-23.6484309,-70.39684870000002,miercoles
2020-07-01,3694,8,142,161,LA COMPAÑÍA,GRANEROS,GRANEROS,AVENIDA LA COMPAÑÍA N° 028,09:00:00,23:59:00,+56722471434,-34.068042,-70.725371,miercoles
2020-07-01,3700,8,155,174,PERALILLO,PERALILLO,PERALILLO,AVENIDA ERRÁZURIZ N° 368,08:00:00,23:59:00,+56722861335,-34.47992125533133,-71.47913727110284,miercoles
2020-07-01,3702,8,141,421,LO MIRANDA,DOÑIHUE,LO MIRANDA,LAS CARMELITAS N° 44-D,09:00:00,20:00:00,+56722678141,-34.19839986541759,-70.88969001468047,miercoles
2020-07-01,3706,8,141,160,LOURDES,DOÑIHUE,DOÑIHUE,DELFÍN CARVALLO N° 440-A,10:00:00,20:00:00,+56722462617,-34.226307107776115,-70.96454438465577,miercoles
2020-07-01,3707,8,145,164,SAN ENRIQUE,LITUECHE,LITUECHE,HERMANOS CARRERA N° 544,10:00:00,20:00:00,+56722851385,-34.1142851,-71.7260195,miercoles
2020-07-01,3708,8,149,168,FLORES,MARCHIGUE,MARCHIGUE,ARTURO PRAT N° 487,09:00:00,19:00:00,+56722831234,-34.39533080152805,-71.62157200000001,miercoles
2020-07-01,3710,8,150,169,PRINCIPAL,NANCAGUA,NANCAGUA,ARMANDO JARAMILLO N° 161,08:00:00,23:59:00,+56722859463,-34.65131963151511,-71.20469064934707,miercoles
2020-07-01,3711,8,151,170,EKONOFARMACIA II,NAVIDAD,NAVIDAD,JUAN MONTES ESQUINA PROGRESO S/N,09:00:00,19:00:00,+567289077447,-33.959395,-71.829519,miercoles
2020-07-01,3724,8,166,185,KARMEL,SAN FRANCISCO DE MOSTAZAL,SAN FRANCISCO DE MOSTAZAL,SAN GUILLERMO N° 358,09:00:00,08:59:00,+560298249227,-33.97725654490946,-70.71014343985462,miercoles
2020-07-01,3730,8,157,176,POSTO VERDE,PICHIDEGUA,PICHIDEGUA,INDEPENDENCIA N° 639,08:00:00,23:59:00,+56722591912,-34.36013447016133,-71.28071671373903,miercoles
2020-07-01,3732,8,156,175,POSTO VERDE,PEUMO,PEUMO,SARMIENTO N° 378,09:00:00,22:00:00,+56722561521,-34.39270923444678,-71.16894174337767,miercoles
2020-07-01,3746,8,162,181,GALENO,RANCAGUA,RANCAGUA,"FREIRE N° 480, LOCAL 6",09:00:00,23:59:00,+56722427056,-34.172046128818764,-70.73508648095094,miercoles
2020-07-01,3765,8,167,186,POSTO VERDE,SAN VICENTE,SAN VICENTE,GERMAN RIESCO N° 995,09:00:00,08:59:00,+56722573214,-34.43906672890119,-71.07838259206335,miercoles
2020-07-01,3779,8,168,187,FARMACIA AHUMADA,SANTA CRUZ,SANTA CRUZ,RAFAEL CASANOVA N°104,09:00:00,08:59:00,+560226313236,-34.640911061673684,-71.36635698888551,miercoles
2020-07-01,3780,8,158,177,FARMACIA CRUZ VERDE,PICHILEMU,PICHILEMU,AVENIDA ORTUZAR N°323 LOCAL 1,08:00:00,23:59:00,+56722842080,-34.38654813934989,-72.00353027301634,miercoles
2020-07-01,3781,8,137,156,FARMACIA CRUZ VERDE,CHIMBARONGO,CHIMBARONGO,MIRAFLORES N° 399,09:00:00,08:59:00,+56722781395,-34.708745722167066,-71.044027980951,miercoles
2020-07-01,3782,8,163,182,FARMACIA CRUZ VERDE,RENGO,RENGO,ARTURO PRAT N°140,09:00:00,08:59:00,+56722514306,-34.40745322432222,-70.86012120828798,miercoles
2020-07-01,3813,9,187,206,FARMACIA SAN LUIS,RETIRO,RETIRO,ERRAZURIZ N°24,09:00:00,23:59:00,+56,-36.0461845,-71.7561264,miercoles
2020-07-01,3815,9,179,198,FARMACIA EL CARMEN,LONGAVI,LONGAVI,1 NORTE N° 201,09:00:00,23:59:00,+56,-35.9658699,-71.6838455,miercoles
2020-07-01,3818,9,176,195,FARMACIA HUALAÑÉ,HUALAÑE,HUALAÑE,ARTURO PRAT N° 286,09:00:00,23:59:00,+560,-34.976145,-71.803193,miercoles
2020-07-01,3819,9,195,214,FARMACIA SAN FRANCISCO,TENO,TENO,AVDA. COMALLE N°147-B,09:00:00,23:59:00,+56,-34.8699799,-71.1616898,miercoles
2020-07-01,3828,9,191,210,FARAMACIA DR. SIMI,SAN CLEMENTE,SAN CLEMENTE,HUAMACHUCO N°841,09:00:00,01:00:00,+56,-35.5382881,-71.4880219,miercoles
2020-07-01,3831,9,192,211,FARMACIAS CRUZ VERDE,SAN JAVIER,SAN JAVIER,ARTURO PRAT N° 2317,09:00:00,01:00:00,+56,-35.5954666,-71.7297821,miercoles
2020-07-01,3837,9,181,200,FARMACIA MOLINA,MOLINA,MOLINA,QUECHEREGUAS N°1972,09:00:00,23:59:00,+560,-35.115025,-71.281174,miercoles
2020-07-01,3842,9,182,201,FARMACIA AHUMADA,PARRAL,PARRAL,ANIBAL PINTO N° 640,09:00:00,01:00:00,+560,-36.140571,-71.823840,miercoles
2020-07-01,3851,9,169,188,FARMACIA HOSPITAL,CAUQUENES,CAUQUENES,VICTORIA N°653,09:00:00,01:00:00,+560,-35.967596,-72.318652,miercoles
2020-07-01,3869,9,178,197,FARMACIA NUEVA FRANCESA N° 2,LINARES,LINARES,CHACABUCO N° 483,09:00:00,08:59:00,+560,-35.846730,-71.596090,miercoles
2020-07-01,3892,9,174,418,FARMACIA SALCOBRAND,CURICO,CURICO PERIMETRAL,AVDA. ESPAÑA N° 703,09:00:00,01:00:00,+560,-34.98569207,-71.22604275,miercoles
2020-07-01,3975,14,327,346,FARMACIA CRUZ VERDE,COCHRANE,COCHRANE,AVENIDA TENIENTE MERINO Nº 464,09:00:00,21:00:00,+560228700747,-47.253679,-72.574097,miercoles
2020-07-01,4034,8,144,163,DR. SIMI,LAS CABRAS,LAS CABRAS,"GRAL. JOSE MIGUEL CARRERA 460, LAS CABRAS",08:00:00,23:59:00,+56722501437,-34.29094382283825,-71.30895728711988,miercoles
2020-07-01,4037,16,209,228,FARMEDICA,COIHUECO,COIHUECO,BALMACEDA 1463-A,08:00:00,23:59:00,+56422874238,-36.629103,-71.83270900000002,miercoles
2020-07-01,4052,6,78,29,FARMACIAS DEL DR SIMI ,VALPARAISO,PLAYA ANCHA,LEVARTE 802 PLAYA ANCHA,10:00:00,18:00:00,+56322287960,-33.0363450529766,-71.6429191610566,miercoles
2020-07-01,4076,4,24,379,FARMACIA FE Y ALEGRIA,COPIAPO,PAIPOTE,JUAN O'DONOVAN  N°6521  PAIPOTE,10:30:00,21:00:00,+56522384624,-27.4107716,-70.2708116,miercoles
2020-07-01,4079,6,70,439,AHUMADA,QUILPUE,MARGA - MARGA,DEL ALHELÍ Nº 2011,09:00:00,21:00:00,+56022221122,-33.0549799015778,-71.426162995335,miercoles
2020-07-01,4125,8,146,165,FARMACIA JULIAN,LOLOL,LOLOL,LOS ALERCES N° 125,09:00:00,21:00:00,+56722941311,-34.728201471048415,-71.64579423325188,miercoles
2020-07-01,4140,12,289,308,INTEGRAL,MARIQUINA,MARIQUINA,MARIQUINA Nº 1295,09:00:00,08:59:00,+5663,-39.538861,-72.962722,miercoles
2020-07-01,4317,8,164,183,FARMACIA SU SALUD,REQUINOA,REQUINOA,PASAJE CARLOS NIENY Nº 14 LOCAL 1. REQUINOA,08:00:00,23:59:00,+560945015980,-34.28837499999999,-70.815833,miercoles
2020-07-01,4333,7,88,107,BELEN,CONCHALI,CONCHALI,INDEPENDENCIA 3879,09:00:00,21:00:00,+560228463904,-33.392538,-70.674022,miercoles
2020-07-01,4381,3,19,75,FARMACIA FARMAPLUSS,TALTAL,TALTAL,"PRAT Nº 785, TALTAL",09:00:00,08:59:00,+56552612199,-25.4054866,-70.4824276,miercoles
2020-07-01,4417,12,287,306,DEL SUR,LOS LAGOS,LOS LAGOS,BALMACEDA NORTE Nº 91,09:00:00,08:59:00,+56632461210,-39.861972,-72.8154167,miercoles
2020-07-01,4426,10,219,238,FARMA SALUD,LOS ALAMOS,LOS ALAMOS,COLÓN 222 LOCAL 4,08:00:00,23:59:00,+560,-37.625965,-73.4623389,miercoles
2020-07-01,4462,7,87,106,DEL DOCTOR SIMI,COLINA,COLINA,INMACULADA CONCEPCIóN N° 212,08:00:00,07:59:00,+560,-33.204236,-70.677328,miercoles
2020-07-01,4473,9,174,193,FARMACIA MÁS SALUD,CURICO,CURICO CENTRO,AVENIDA SAN  MARTÍN Nº49 CURICÓ,09:00:00,08:59:00,+560665394,-34.988931,-71.234719,miercoles
2020-07-01,4501,3,12,391,FARMACIA DERMAEXPRES,ANTOFAGASTA,ANTOFAGASTA SUR,"SALVADOR REYES 1145, ANTOFAGASTA, ANTOFAGASTA, CHILE",08:00:00,07:59:00,+56552768792,-23.6589785,-70.3985179,miercoles
2020-07-01,4517,13,295,314,FARMACIA DR.SIMI,CALBUCO,CALBUCO,"FEDERICO ERRAZURIZ Nº 599 –B, COMUNA DE CALBUCO",09:00:00,08:59:00,+5665652462360,-41.7745255,-73.1273185,miercoles
2020-07-01,4544,6,79,429,BELLFARMA,VILLA ALEMANA,HUANHUALI,HUANHUALI 1331,09:00:00,18:00:00,+56323118844,-33.058657929509,-71.3860337445243,miercoles
2020-07-01,4577,6,72,55,SANTO REMEDIO,RINCONADA,RINCONADA,"CARRETERA SAN MARTIN N°685, L-12",09:00:00,20:00:00,+569+56957432515,-32.8334208343886,-70.6891530103657,miercoles
2020-07-01,4588,13,321,340,FARMACIA LA BOTICA DEL RIO,RIO NEGRO,RIO NEGRO,"AVDA VICUÑA MACKENNA Nº 263, RIO NEGRO",09:30:00,19:00:00,+56078080990,-40.7969142,-73.2187381,miercoles
2020-07-01,4589,13,316,335,FARMACIA LA SALUD,PUYEHUE,PUYEHUE,"COCHRANE Nº 104, ENTRE LAGOS",10:00:00,19:00:00,+56642371586,-40.68377376608996,-72.59932266637878,miercoles
2020-07-01,4590,11,262,281,MIFARMA,LONCOCHE,LONCOCHE,MANUEL BULNES  Nº 301 LONCOCHE,09:00:00,08:59:00,+56452638923,-39.3681199,-72.63151270000003,miercoles
2020-07-01,4594,11,281,450,FARMACIA CRUZ DEL SUR,VILLARRICA,LICAN RAY,GENERAL URRUTIA Nº 430 LOCALIDAD LICAN RAY,09:00:00,08:59:00,+564573881572,-39.4885227,-72.1584856,miercoles
2020-07-01,4600,6,69,432,DON ANTONIO,QUILLOTA,LA PALMA,"AVENIDA RAFAEL ARIZTÍA Nº 530, LOCAL Nº 1538, QUILLOTA",09:00:00,18:00:00,+56332335701,-32.8759507280719,-71.2347967649829,miercoles
2020-07-01,4656,6,78,27,AHUMADA,VALPARAISO,PLACILLA,"CALETERA 1502-1480 LC 03, RUTA 68 ,VALPARAISO",09:00:00,23:00:00,+560226313641,-33.1215261067793,-71.5620742816259,miercoles
2020-07-01,4663,6,80,433,FARMACIA AZUCENA,VIÑA DEL MAR,SANTA JULIA,"PASAJE BELGICA 1-D, SANTA JULIA",10:00:00,20:30:00,+56322872433,-33.0057735200065,-71.4961181973553,miercoles
2020-07-01,4676,11,251,270,FARMACIA VITASUR,ANGOL,ANGOL,LAUTARO N° 301 ANGOL,09:00:00,08:59:00,+5645945345421,-37.798409,-72.70941959999999,miercoles
2020-07-01,4715,9,172,191,FARMACIA SANA SANA,CONSTITUCION,CONSTITUCION,OÑEDERRA Nº698-D CONSTITUCIÓN,09:00:00,08:59:00,+560973317133,-35.332300,-72.412189,miercoles
2020-07-01,4726,7,93,112,SOLUFAR,HUECHURABA,HUECHURABA,"AVENIDA PEDRO FONTOVA 7280, LOCAL 103",09:00:00,21:00:00,+56,,,miercoles
2020-07-01,4727,10,221,240,REDFARMA,LOTA,LOTA,PEDRO AGUIRRE CERDA 651,09:00:00,08:59:00,+560,-37.091962,-73.157283,miercoles
2020-07-01,4729,12,290,309,CRUZ VERDE,VALDIVIA,VALDIVIA,ANFIÓN MUÑOZ N° 360,09:00:00,08:59:00,+560,-39.8149179,-73.2366476,miercoles
2020-07-01,4779,13,319,338,FARMACIA FENIX,QUEMCHI,QUEMCHI,DIEGO BAHAMONDE N°365-B QUEMCHI,10:00:00,18:00:00,+56978992440,-42.144203,-73.473397,miercoles
2020-07-01,4849,6,62,23,NOGALES,NOGALES,NOGALES,PEDRO FELIX VICUÑA 368,10:00:00,21:00:00,+56999978882,-32.7363782314795,-71.2008853485145,miercoles
2020-07-01,4884,6,54,11,DEL PACIFICO,ISLA DE PASCUA,ISLA DE PASCUA,"ATAMU TEKENA S/N°,ISLA DE PASCUA",09:00:00,21:00:00,+56323462797,"-27,1545008","-109,433035",miercoles
2020-07-01,5006,13,304,323,FARMACIA FUTALEUFU,FUTALEUFU,FUTALEUFU,"PEDRO AGUIRRE CERDA N°635, FUTALEUFU",10:30:00,20:00:00,+56978586742,-43.1852697,-71.8674685,miercoles
2020-07-01,5029,8,147,166,CRUZ VERDE ( FRANQUICIA),MACHALI,MACHALI,"AVENIDA SAN JUAN 133 C, LOCAL 40",09:00:00,23:59:00,+560,,,miercoles
2020-07-01,5040,6,69,437,FARMACIA CRUZ VERDE,QUILLOTA,COPA DE AGUA,"AVENIDA RAMÓN FREIRE Nº 1551, LOCAL Nº 9",09:00:00,21:00:00,+56332293683,-32.8980865719736,-71.246009861099,miercoles
2020-07-01,5077,6,79,438,FARMACIA DOCTOR FARMA,VILLA ALEMANA,TRONCOS VIEJOS,"POMETO 898, VILLA ALEMANA",11:00:00,20:00:00,+56998987243,-33.0574893110968,-71.3900819417226,miercoles
2020-07-01,5105,7,119,138,DE LO ALTO,PUENTE ALTO,PUENTE ALTO NORTE,OMAR HERRERA GUTIÉRREZ 1475,08:00:00,07:59:00,+56,-33.5756582,-70.59915080000002,miercoles
2020-07-01,5180,5,33,89,FARMACIAS CALAFATE,COQUIMBO,COQUIMBO,"AVENIDA RENE SCHNNEIDER 1429, COQUIMBO",09:00:00,08:59:00,+569976683278,-29.9705766,-71.25728649999996,miercoles
2020-07-01,5198,8,161,180,FARMACIA GUTI,QUINTA DE TILCOCO,QUINTA DE TILCOCO,"AVENIDA ARGOMEDO Nº 1753-A, QTA TILCOCO",09:00:00,23:59:00,+56,,,miercoles
2020-07-01,5296,13,317,336,FARMACIA BUENAVIDA,QUEILEN,QUEILEN,"PEDRO AGUIRE CERDA N°162, QUEILEN",09:30:00,19:00:00,+5665,-42.8899545,-73.4753981,miercoles
2020-07-01,5305,13,313,332,FARMACIA IDINI,PUERTO VARAS,SECTOR CENTRO,"WALKER MARTINEZ N°317, PUERTO VARAS",09:00:00,08:59:00,+5665,-41.3166872,-72.9840865,miercoles
2020-07-01,5327,7,133,152,CATEDRAL,TALAGANTE,TALAGANTE,LIBERTADOR BERNARDO O'HIGGINS 1113,08:00:00,07:59:00,+56,-33.66407769999999,-70.9294041,miercoles
2020-07-01,5329,7,84,103,CRUZ VERDE,CALERA DE TANGO,CALERA DE TANGO,"AVENIDA CALERA DE TANGO, PARAD. 4 1/2, LOCAL A-4",09:00:00,21:00:00,+56,-33.6255747,-70.78146199999998,miercoles
2020-07-01,5337,3,12,392,FARMACIA CRUZ VERDE,ANTOFAGASTA,ANTOFAGASTA NORTE,"AV. PEDRO AGUIRRE CERDA Nº 10850, LOCAL 10",09:00:00,21:00:00,+56026944000,-23.5622809,-70.39115129999999,miercoles
2020-07-01,5347,13,311,382,FARMACIA CAYENEL,PUERTO MONTT,SECTOR CUARTA TERRAZA,"LOS SAUCES N°71, VILLA CAYENEL, PUERTO MONTT",09:00:00,22:00:00,+560,-41.4499984,-72.9575065,miercoles
2020-07-01,5357,6,51,9, ROMANHNOS,EL QUISCO,EL QUISCO,ISIDORO DUBOURNAIS 1339 EL QUISCO,09:00:00,01:00:00,+56352474112,-33.4090226,-71.6944603,miercoles
2020-07-01,5396,11,260,279,FARMACIA DR. SIMI,GORBEA,GORBEA,LORD COCHRANE N° 520,09:00:00,08:59:00,+56452491029,-39.10065895491932,-72.67413139343262,miercoles
2020-07-01,5412,6,53,51,PLAZA HIJUELAS,HIJUELAS,HIJUELAS,MANUEL RODRíGUEZ #1496 LOCAL 1,10:00:00,21:00:00,+569996911000,-32.7997531,-71.14586550000001,miercoles
2020-07-01,5453,12,283,302,FARMAVIDA,FUTRONO,FUTRONO,GERMÁN RIESCO N° 120,09:00:00,08:59:00,+56632696573,-40.12957401260058,-72.3851920428528,miercoles
2020-07-01,5486,6,78,446,SANITO,VALPARAISO,RODELILLO,"JUAN PABLO II 6120, RODELILLO , VALPARAISO",09:00:00,17:30:00,+56932661962,-33.06222,-71.5629573,miercoles
2020-07-01,5523,8,138,157,FARMACIA CODEGUA,CODEGUA,CODEGUA,"CALLE ANDES Nº 88, CODEGUA",09:45:00,21:00:00,+560,-34.0353709,-70.66730009999998,miercoles
2020-07-01,5543,6,70,448,ECOFARMACIAS,QUILPUE,CANAL CHACAO,LOS LUNES N°13 QUILPUÉ,09:00:00,19:00:00,+56322541403,,,miercoles
2020-07-01,5621,11,280,299,FARMACIA LAHUEN,VILCUN,VILCUN,ARTURO PRAT N° 394,09:00:00,20:30:00,+56984126521,-38.6699481,-72.22441220000002,miercoles
2020-07-01,5658,7,109,128,NUEVA SALUD,MELIPILLA,MELIPILLA,SERRANO 510,08:00:00,07:59:00,+560,-33.686269,-71.213993,miercoles
2020-07-01,5722,4,27,83,FARMACIA Y PERFUMERIA MI AROMA,HUASCO,HUASCO,RIQUELME N°  199-A,09:00:00,21:00:00,+569993333530,,,miercoles
2020-07-01,5851,6,77,39,PHARMACYS RP,SANTO DOMINGO,SANTO DOMINGO,LAS HORTENSIAS 61 A,09:00:00,21:00:00,+56224750228,,,miercoles
2020-07-01,5857,9,194,417,FARMACIA CSRLOS SCHORR,TALCA,TALCA PERIMETRAL,AVENIDA CARLOS SCHORR Nº272 TALCA.,09:00:00,01:00:00,+560962557230,-35.429364,-71.674460,miercoles
2020-07-01,5870,6,70,453,ECONOMIK,QUILPUE,EL RETIRO,EL RETIRO 380,09:30:00,20:30:00,+569977591721,,,miercoles
2020-07-01,5950,6,63,24,QFARMA,OLMUE,OLMUE,LO NARVAEZ 6172,09:00:00,21:00:00,+569965693686,,,miercoles
2020-07-01,5953,11,275,294,DR.SIMI,TEMUCO,TEMUCO,PASAJE PORTALES N° 55 LOCAL 9 TEMUCO,09:00:00,08:59:00,+56452810199,-38735800,72600197,miercoles
2020-07-01,5957,11,270,289,FARMACIAS MIFARMA SPA,PITRUFQUEN,PITRUFQUEN,FRANCISCO BILBAO N° 345,09:00:00,08:59:00,+56989017405,,,miercoles
2020-07-01,5959,5,34,90,FARMACIA DON JOSÉ,ILLAPEL,ILLAPEL,CONSTITUCION 136,09:00:00,08:59:00,+569945269871,,,miercoles
2020-07-01,6005,8,148,167,FARMACIA MANANTIALES,MALLOA,MALLOA,"PZA DE ARMAS, 119, MALLOA",09:00:00,23:00:00,+560,,,miercoles
2020-07-01,6028,8,140,159,DIVINA SALUD,COLTAUCO,COLTAUCO,"AVENIDA REPÚBLICA DE CHILE 418, COLTAUCO",09:00:00,18:30:00,+560992573946,,,miercoles
2020-07-01,6035,7,105,124,LA ALIANZA,LO PRADO,LO PRADO,"AVENIDA SAN PABLO N° 7145,",08:00:00,07:59:00,+56,-33.444277,-70.735411,miercoles
2020-07-01,6041,13,312,331,FARMACIA PUERTO OCTAY,PUERTO OCTAY,PUERTO OCTAY,"AMUNATEGUI 598, PUERTO OCTAY",09:00:00,19:00:00,+56983763772,,,miercoles
2020-07-01,6080,6,58,14,SUFARMA,LA LIGUA,LA LIGUA,ORTIZ DE ROZAS Nº754,09:00:00,08:59:00,+56993417440,,,miercoles
2020-07-01,6158,7,83,102,PLAZA,BUIN,BUIN,BALMACEDA 514,08:00:00,07:59:00,+56,-33.732435,-70.743248,miercoles
2020-07-01,6171,6,79,40,DR. SIMI,VILLA ALEMANA,VILLA ALEMANA,"SANTIAGO Nº 907, L-2",09:00:00,08:59:00,+569957482585,,,miercoles
2020-07-01,6283,6,78,426,CHILENA,VALPARAISO,PLACERES,AV AGUA SANTA N°4024 LOCAL 07,09:00:00,21:00:00,+56965723862,,,miercoles
2020-07-01,6291,7,92,111,OLíMPICA,ESTACION CENTRAL,ESTACION CENTRAL,"AVENIDA LIBERTADOR BERNARDO O'HIGGINS N° 4677, LOCAL 3",08:00:00,07:59:00,+56,-33.4556666,-70.699572,miercoles
2020-07-01,6342,7,127,146,SAN NICOLÁS,SAN MIGUEL,SAN MIGUEL,SAN NICOLAS 1279,08:00:00,07:59:00,+56,-33.497996,-70.657877,miercoles
